﻿<?xml version="1.0" encoding="utf-8"?><DEFECTS><DEFECT>
    <SFA>
      <FILEPATH>C:\Users\Sajib Ghosh\Desktop\sajib.ghosh\sajib.ghosh\</FILEPATH>
      <FILENAME>sajib.ghosh.cpp</FILENAME>
      <LINE>97</LINE>
      <COLUMN>22</COLUMN>
    </SFA>
    <DEFECTCODE>26800</DEFECTCODE>
    <DESCRIPTION>Use of a moved from object: ''data'' (lifetime.1).</DESCRIPTION>
    <FUNCTION>main</FUNCTION>
    <DECORATED>main</DECORATED>
    <FUNCLINE>70</FUNCLINE>
    <PATH>
      <SFA>
        <FILEPATH>C:\Users\Sajib Ghosh\Desktop\sajib.ghosh\sajib.ghosh\</FILEPATH>
        <FILENAME>sajib.ghosh.cpp</FILENAME>
        <LINE>97</LINE>
        <COLUMN>22</COLUMN>
      </SFA>
    </PATH>
  </DEFECT><DEFECT>
    <SFA>
      <FILEPATH>C:\Users\Sajib Ghosh\Desktop\sajib.ghosh\sajib.ghosh\</FILEPATH>
      <FILENAME>sajib.ghosh.cpp</FILENAME>
      <LINE>117</LINE>
      <COLUMN>38</COLUMN>
    </SFA>
    <DEFECTCODE>26800</DEFECTCODE>
    <DESCRIPTION>Use of a moved from object: ''data.Data::value'' (lifetime.1).</DESCRIPTION>
    <FUNCTION>main</FUNCTION>
    <DECORATED>main</DECORATED>
    <FUNCLINE>70</FUNCLINE>
    <PATH>
      <SFA>
        <FILEPATH>C:\Users\Sajib Ghosh\Desktop\sajib.ghosh\sajib.ghosh\</FILEPATH>
        <FILENAME>sajib.ghosh.cpp</FILENAME>
        <LINE>117</LINE>
        <COLUMN>38</COLUMN>
      </SFA>
    </PATH>
  </DEFECT></DEFECTS>